{ "width":1024, "height":768, "cx":534.0390625, "cy":399.96875, "fx":730.328125, "fy":731.1328125, "distortion":[0, 0.0, 0.0, 0.0, 0.0, 0.0]} 
