{ "width":1920, "height":1080, "cx":993.928466796875, "cy":533.4943237304688, "fx":1352.2991943359375, "fy":1352.42333984375, "distortion":[4, 0.12966430187225342, -0.43956276774406433, -0.0010495490860193968, 0.0006817563553340733, 0.3946305215358734]} 